date,TMAX,TMIN,PRCP,SNOW,AWND,TEMP_AVG,RAIN_FLAG,HOT_DAY,COLD_DAY,WEEKDAY,IS_WEEKEND,trips,total_time,avg_time,member_percent,casual_percent,ebike_percent,regular_percent
2023-01-01,12.8,9.4,0.0,0,22,11.1,0,0,0,6,1,50132,864226.755349695,17.2390240834139,68.9340142025054,31.0659857974946,55.1902976142983,44.8097023857017
2023-01-02,13.3,9.4,0.5,0,16,11.35,1,0,0,0,0,57912,838094.717782914,14.4718662415891,76.6041580328775,23.3958419671225,53.1979555187181,46.8020444812819
2023-01-03,14.4,8.3,10.7,0,14,11.35,1,0,0,1,0,51457,608820.141616017,11.8316291586376,88.5535495656568,11.4464504343432,54.0703888683755,45.9296111316245
2023-01-04,18.9,9.4,0.5,0,20,14.15,1,0,0,2,0,73955,932206.382517019,12.6050487798935,85.7643161381921,14.2356838618079,51.6543844229599,48.3456155770401
2023-01-05,10.0,6.7,0.3,0,23,8.35,1,0,0,3,0,71045,828094.882016781,11.655920642083,87.6275599971849,12.3724400028151,52.2668731085931,47.7331268914069
2023-01-06,9.4,3.9,6.9,0,24,6.65,1,0,0,4,0,64353,738962.071683232,11.482946741927,86.6377635852252,13.3622364147748,54.4434602893416,45.5565397106584
2023-01-07,7.2,2.8,0.0,0,30,5.0,0,0,0,5,1,58716,719741.266283214,12.2580091675728,82.4783704612031,17.5216295387969,52.7011376796785,47.2988623203215
2023-01-08,5.0,0.6,0.0,0,21,2.8,0,0,0,6,1,49134,592802.51303273,12.065016343728,83.2946635730858,16.7053364269142,52.8656327593927,47.1343672406073
2023-01-09,6.7,2.8,0.3,0,20,4.75,1,0,0,0,0,61319,673036.378916255,10.9759842612608,90.0797468973728,9.92025310262724,50.3791646960975,49.6208353039025
2023-01-10,5.0,3.3,0.0,0,19,4.15,0,0,0,1,0,66411,727194.948550201,10.9499171605637,90.4217674782792,9.5782325217208,49.3562813389348,50.6437186610652
2023-01-11,3.9,1.7,0.0,0,29,2.8,0,0,0,2,0,66829,718754.937533967,10.7551353085332,91.0996722979545,8.90032770204552,48.2934055574676,51.7065944425324
2023-01-12,12.8,2.8,7.6,0,22,7.800000000000001,1,0,0,3,0,51198,555997.850733649,10.8597572314085,90.226180710184,9.77381928981601,52.0782061799289,47.9217938200711
2023-01-13,13.9,3.3,2.3,0,32,8.6,1,0,0,4,0,64821,721327.35414969,11.1279886788186,88.2800327054504,11.7199672945496,49.4716218509434,50.5283781490566
2023-01-14,3.3,-0.5,0.0,0,40,1.4,0,0,1,5,1,43192,483606.872816616,11.1966769961246,85.5806630857566,14.4193369142434,47.2541211335433,52.7458788664567
2023-01-15,5.0,-1.0,0.0,0,43,2.0,0,0,1,6,1,40759,485275.269583585,11.9059660340928,83.8980347898624,16.1019652101376,49.2995412056233,50.7004587943767
2023-01-16,8.9,-2.1,0.0,0,34,3.4000000000000004,0,0,1,0,0,49537,581074.81845057,11.7301172547908,86.5635787391243,13.4364212608757,50.6449724448392,49.3550275551608
2023-01-17,8.3,1.7,0.0,0,14,5.0,0,0,0,1,0,64604,719633.955799943,11.1391547860804,90.5826264627577,9.41737353724228,48.2833880255093,51.7166119744907
2023-01-18,11.7,5.6,1.3,0,34,8.649999999999999,1,0,0,2,0,75409,861268.548182995,11.4212965054967,90.1987826386771,9.80121736132292,46.8100624593881,53.1899375406119
2023-01-19,6.7,4.4,22.1,0,19,5.550000000000001,1,0,0,3,0,32113,328524.089083125,10.2302522057461,92.5419611995142,7.45803880048578,50.7146638433033,49.2853361566967
2023-01-20,9.4,4.4,0.0,0,30,6.9,0,0,0,4,0,67088,755798.176082282,11.2657729561514,88.5821607440973,11.4178392559027,50.8570832339614,49.1429167660386
2023-01-21,5.6,2.8,0.0,0,25,4.199999999999999,0,0,0,5,1,57696,708256.6062996,12.2756622001456,83.2536051026068,16.7463948973932,49.3569744869662,50.6430255130338
2023-01-22,5.6,2.2,13.0,0,21,3.9,1,0,0,6,1,39242,470031.607150833,11.9777688994147,84.1878599459763,15.8121400540237,47.5077722847969,52.4922277152031
2023-01-23,3.9,2.2,10.4,0,34,3.05,1,0,0,0,0,38217,379983.946550051,9.94279892587203,92.9847973414972,7.01520265850276,53.8032812622655,46.1967187377345
2023-01-24,7.8,1.7,0.0,0,31,4.75,0,0,0,1,0,67301,751124.254616852,11.1606700437862,90.8248020088855,9.17519799111454,50.2652263710792,49.7347736289208
2023-01-25,12.2,1.7,22.9,0,27,6.949999999999999,1,0,0,2,0,41673,424992.102633466,10.1982603276334,92.5227365440453,7.4772634559547,51.0234444364457,48.9765555635543
2023-01-26,13.9,5.0,11.2,0,40,9.45,1,0,0,3,0,64097,705870.913784159,11.0125421436909,90.6984726274241,9.30152737257594,51.3097336848839,48.6902663151162
2023-01-27,6.7,1.7,0.0,0,26,4.2,0,0,0,4,0,65216,730789.398365747,11.20567649604,88.5304219823356,11.4695780176644,50.3296736997056,49.6703263002944
2023-01-28,11.1,2.2,0.0,0,32,6.65,0,0,0,5,1,66276,881692.262850231,13.3033415240845,80.6732452169715,19.3267547830285,46.217333574748,53.782666425252
2023-01-29,11.7,5.6,0.0,0,21,8.649999999999999,0,0,0,6,1,57745,732557.53864947,12.6860773859116,81.7767772101481,18.2232227898519,47.2664299939389,52.7335700060611
2023-01-30,12.8,6.1,0.0,0,13,9.45,0,0,0,0,0,70158,823089.550833823,11.7319414868416,88.7981413381225,11.2018586618775,45.7424670030503,54.2575329969497
2023-01-31,10.0,-0.5,1.5,0,19,4.75,1,0,1,1,0,57136,603432.15466708,10.5613300662818,91.6357462895547,8.36425371044525,45.9605152618314,54.0394847381686
2023-02-01,3.3,-3.2,0.5,10,25,0.0499999999999998,1,0,1,2,0,60155,650809.663951309,10.8188789618703,92.2018119857036,7.7981880142964,45.7085861524395,54.2914138475605
2023-02-02,4.4,-1.6,0.0,0,22,1.4,0,0,1,3,0,62912,664108.053666854,10.5561427655591,91.6232197355036,8.37678026449644,47.3311927772126,52.6688072227874
2023-02-03,1.7,-11.6,0.0,0,53,-4.95,0,0,1,4,0,37852,358354.785450203,9.46726158327709,92.312163161788,7.68783683821198,52.7449011941245,47.2550988058755
2023-02-04,-2.7,-16.0,0.0,0,39,-9.35,0,0,1,5,1,24546,235081.741983125,9.57719147653889,89.6154159537195,10.3845840462805,55.4224720932127,44.5775279067873
2023-02-05,9.4,-2.7,0.0,0,16,3.35,0,0,1,6,1,49567,604590.832933353,12.1974465457533,84.588536728065,15.411463271935,53.4428147759598,46.5571852240402
2023-02-06,11.1,1.1,0.0,0,22,6.1,0,0,0,0,0,64566,706259.01196639,10.9385591792335,90.5414614502989,9.45853854970108,52.728990490351,47.271009509649
2023-02-07,6.1,-1.0,0.5,0,22,2.55,1,0,1,1,0,65874,696394.959116273,10.571620959958,91.4093572577952,8.59064274220482,52.1601845948326,47.8398154051674
2023-02-08,11.7,3.9,0.0,0,27,7.8,0,0,0,2,0,78250,905354.835134652,11.5700298419764,90.0,10.0,51.8747603833866,48.1252396166134
2023-02-09,12.8,5.6,0.0,0,16,9.2,0,0,0,3,0,75636,849005.492683395,11.2248862007958,89.6570416203924,10.3429583796076,53.1730921783278,46.8269078216722
2023-02-10,16.1,7.2,0.0,0,38,11.65,0,0,0,4,0,83407,1026902.14868464,12.3119420274635,86.2505545098133,13.7494454901867,53.2964859064587,46.7035140935413
2023-02-11,7.8,2.2,0.0,0,26,5.0,0,0,0,5,1,63237,819025.340400176,12.9516792447487,82.2034568369783,17.7965431630216,54.2641175261318,45.7358824738681
2023-02-12,8.9,3.3,0.3,0,19,6.1,1,0,0,6,1,55388,671804.725883143,12.1290663299475,83.5848920343757,16.4151079656243,54.659854120026,45.340145879974
2023-02-13,13.9,5.0,0.0,0,33,9.45,0,0,0,0,0,71687,838227.428649282,11.6928791642737,89.328609092304,10.671390907696,52.7864187370095,47.2135812629905
2023-02-14,12.2,4.4,0.0,0,25,8.3,0,0,0,1,0,77832,920808.302617071,11.8307161915032,89.1754034330353,10.8245965669647,52.1790523178127,47.8209476821873
2023-02-15,19.4,8.3,0.0,0,20,13.85,0,0,0,2,0,88530,1114921.183334,12.5937104183213,88.0300463119846,11.9699536880154,50.9443126623743,49.0556873376257
2023-02-16,21.1,13.3,1.8,0,16,17.200000000000003,1,0,0,3,0,74118,857434.953332753,11.5685117425288,88.743625030357,11.256374969643,51.6217383091827,48.3782616908173
2023-02-17,16.1,0.0,4.6,0,32,8.05,1,0,0,4,0,49296,505729.286217255,10.2590329076853,89.705047062642,10.294952937358,58.0919344368711,41.9080655631289
2023-02-18,6.1,-2.7,0.0,0,37,1.6999999999999995,0,0,1,5,1,51736,638239.224099324,12.3364625038527,82.7798824802845,17.2201175197155,54.7568424308025,45.2431575691975
2023-02-19,10.0,2.8,0.0,0,15,6.4,0,0,0,6,1,50936,656426.004365639,12.8872703856927,80.985943144338,19.014056855662,55.8779645044762,44.1220354955238
2023-02-20,16.1,8.3,0.0,0,27,12.2,0,0,0,0,0,70412,992548.787083166,14.0963015832979,80.3485201386127,19.6514798613873,54.9764244731012,45.0235755268988
2023-02-21,10.0,2.8,6.9,0,22,6.4,1,0,0,1,0,55924,617350.673116219,11.0391007995891,89.9595880123024,10.0404119876976,55.7685430226736,44.2314569773264
2023-02-22,6.7,2.8,3.6,0,27,4.75,1,0,0,2,0,54142,566148.500866748,10.4567341595573,91.1436592663736,8.85634073362639,55.2583945919988,44.7416054080012
2023-02-23,6.7,3.3,0.5,0,33,5.0,1,0,0,3,0,65168,715469.174867368,10.9788419909675,89.8968819052296,10.1031180947704,55.270991897864,44.729008102136
2023-02-24,7.2,-3.8,0.0,0,39,1.7000000000000002,0,0,1,4,0,59261,641190.084749626,10.8197648495576,88.5236496177925,11.4763503822075,56.9244528441977,43.0755471558023
2023-02-25,0.6,-4.9,0.0,0,16,-2.15,0,0,1,5,1,42922,470807.462783922,10.9689078510769,86.2751036764363,13.7248963235637,58.4502120124878,41.5497879875122
2023-02-26,10.0,-1.0,0.0,0,24,4.5,0,0,1,6,1,54379,680718.481316486,12.5180397086463,83.2306588940584,16.7693411059416,55.6740653561117,44.3259346438883
2023-02-27,7.8,0.6,5.3,23,23,4.2,1,0,0,0,0,58181,629004.952801025,10.8111746584112,90.8715903817397,9.12840961826026,53.9849779137519,46.0150220862481
2023-02-28,3.3,0.0,8.6,23,25,1.65,1,0,0,1,0,40476,406350.069650295,10.0392842585802,92.7512600059294,7.24873999407056,57.9083901571301,42.0916098428699
2023-03-01,6.7,0.6,0.0,0,26,3.65,0,0,0,2,0,69858,752392.195683027,10.7703082779786,90.931604111197,9.068395888803,53.786252111426,46.213747888574
2023-03-02,12.2,3.9,0.0,0,25,8.049999999999999,0,0,0,3,0,73359,826784.54923394,11.270390125737,89.6577107103423,10.3422892896577,53.542169331643,46.457830668357
2023-03-03,8.3,2.8,3.8,0,26,5.550000000000001,1,0,0,4,0,65029,708490.604316771,10.8949946072794,88.66198157745,11.3380184225499,54.3465223208107,45.6534776791893
2023-03-04,7.2,3.3,25.1,0,36,5.25,1,0,0,5,1,56230,688888.86781669,12.2512692124612,83.5372576916237,16.4627423083763,54.3073092655166,45.6926907344834
2023-03-05,11.7,3.3,0.0,0,36,7.5,0,0,0,6,1,64444,889976.470317984,13.8100749537271,79.9531376078456,20.0468623921544,51.3112159394203,48.6887840605797
2023-03-06,11.1,4.4,0.0,0,24,7.75,0,0,0,0,0,72304,828897.661466121,11.464063695869,89.0877406505864,10.9122593494136,51.0220734675813,48.9779265324187
2023-03-07,8.3,0.6,1.5,3,48,4.45,1,0,0,1,0,66344,701628.565065955,10.5756144499268,91.0843482455083,8.91565175449174,53.9656939587604,46.0343060412396
2023-03-08,8.9,-0.5,0.0,0,38,4.2,0,0,1,2,0,71394,778911.521016945,10.9100417544465,90.5104070370059,9.48959296299409,53.8280527775443,46.1719472224557
2023-03-09,10.6,0.6,0.0,0,35,5.6,0,0,0,3,0,76928,866977.298033754,11.2699835954887,89.1209962562396,10.8790037437604,53.2393926788686,46.7606073211314
2023-03-10,7.8,1.7,9.1,0,17,4.75,1,0,0,4,0,59213,627605.624699625,10.5991188539615,88.9500616418692,11.0499383581308,56.3136473409555,43.6863526590445
2023-03-11,7.2,1.7,10.2,0,37,4.45,1,0,0,5,1,48716,556929.629067038,11.4321707255735,84.2659495853518,15.7340504146482,57.00591181542,42.99408818458
2023-03-12,8.9,1.1,0.0,0,19,5.0,0,0,0,6,1,56077,731422.000483449,13.0431727889054,81.0171728159495,18.9828271840505,54.1451932164702,45.8548067835298
2023-03-13,7.2,3.3,17.0,0,32,5.25,1,0,0,0,0,32669,320674.492333748,9.81586495863816,91.900578530105,8.09942146989501,59.1876090483333,40.8123909516667
2023-03-14,3.3,0.6,3.3,0,46,1.95,1,0,0,1,0,39212,378032.630583557,9.64073830928166,92.782821585229,7.21717841477099,57.9797000918086,42.0202999081914
2023-03-15,7.2,1.1,0.0,0,58,4.15,0,0,0,2,0,65421,684800.897216122,10.4676005749854,90.4266214212562,9.57337857874383,53.3865272618884,46.6134727381116
2023-03-16,15.0,1.1,0.0,0,28,8.05,0,0,0,3,0,83152,1015370.16048472,12.2110130903011,86.8481816432557,13.1518183567443,44.434289012892,55.565710987108
2023-03-17,15.6,8.3,0.0,0,15,11.95,0,0,0,4,0,82533,1044885.81983421,12.6602185772264,84.1227145505434,15.8772854494566,38.95775023324,61.04224976676
2023-03-18,13.3,4.4,0.5,0,31,8.850000000000001,1,0,0,5,1,74382,1070987.3419664,14.3984746573957,77.3829689978758,22.6170310021242,41.0341211583448,58.9658788416552
2023-03-19,4.4,-1.6,0.0,0,39,1.4,0,0,1,6,1,48346,569424.714566361,11.7781143127945,84.0400446779465,15.9599553220535,47.5551234848798,52.4448765151202
2023-03-20,10.6,-0.5,0.0,0,22,5.05,0,0,1,0,0,68651,794617.600233177,11.5747418134212,88.7488893096969,11.2511106903031,47.327788378902,52.672211621098
2023-03-21,17.2,4.4,0.0,0,26,10.8,0,0,0,1,0,87433,1127855.28154955,12.8996520941698,86.4055905664909,13.5944094335091,43.0912813239852,56.9087186760148
2023-03-22,16.7,8.9,0.0,0,16,12.8,0,0,0,2,0,86700,1094156.56705016,12.6200296084217,87.6528258362168,12.3471741637832,41.5351787773933,58.4648212226067
2023-03-23,15.6,8.9,2.3,0,21,12.25,1,0,0,3,0,74759,860365.585182965,11.5085218526595,88.7277785952193,11.2722214047807,42.8657419173611,57.1342580826389
2023-03-24,12.8,6.7,0.0,0,23,9.75,0,0,0,4,0,77302,943034.42435059,12.1993535012108,85.3910636206049,14.6089363793951,32.2294377894492,67.7705622105508
2023-03-25,8.3,5.6,3.8,0,36,6.95,1,0,0,5,1,32655,353901.61144978,10.8375933685432,86.832031848109,13.167968151891,40.8880722707089,59.1119277292911
2023-03-26,17.2,6.7,0.0,0,27,11.95,0,0,0,6,1,87572,1469272.01243342,16.7778743483467,73.789567441648,26.210432558352,44.3657790161239,55.6342209838761
2023-03-27,16.7,6.1,7.4,0,26,11.4,1,0,0,0,0,60466,697263.606934093,11.5314988081582,87.9171765951113,12.0828234048887,47.8450699566699,52.1549300433301
2023-03-28,11.1,5.6,0.0,0,18,8.35,0,0,0,1,0,79382,943616.93313368,11.8870390407609,89.1020634400746,10.8979365599254,47.8042881257716,52.1957118742284
2023-03-29,12.8,3.9,0.0,0,26,8.35,0,0,0,2,0,88237,1067600.55064949,12.0992389887404,88.051497671045,11.948502328955,46.6754309416685,53.3245690583315
2023-03-30,7.8,-0.5,0.3,0,33,3.65,1,0,1,3,0,76230,848454.506165831,11.1301916065306,88.8009969828152,11.1990030171848,50.0314836678473,49.9685163321527
2023-03-31,13.9,3.3,0.0,0,11,8.6,0,0,0,4,0,82280,959116.423116221,11.6567382488603,86.301652892562,13.698347107438,52.6920272241128,47.3079727758872
2023-04-01,22.2,10.6,9.7,0,22,16.4,1,0,0,5,1,70491,1057809.93503276,15.0063119409961,76.6452454923324,23.3547545076676,50.1099431133052,49.8900568866948
2023-04-02,10.6,4.4,0.0,0,41,7.5,0,0,0,6,1,71020,1010320.44825111,14.2258581843301,77.9456491129259,22.0543508870741,49.1762883694734,50.8237116305266
2023-04-03,15.0,3.9,0.0,0,20,9.45,0,0,0,0,0,84067,1047715.8675994,12.4628673272437,86.4465247956987,13.5534752043013,49.4367587757384,50.5632412242616
2023-04-04,22.8,8.9,0.0,0,8,15.85,0,0,0,1,0,104426,1420977.15384878,13.6075034363932,84.7576274107981,15.2423725892019,44.6919349587268,55.3080650412732
2023-04-05,13.9,7.8,0.0,0,38,10.85,0,0,0,2,0,71486,803333.655683568,11.2376361201293,89.3069971742719,10.6930028257281,47.7016478751084,52.2983521248916
2023-04-06,26.7,8.3,0.0,0,14,17.5,0,0,0,3,0,95864,1304166.12039933,13.6043365642922,83.5548276725361,16.4451723274639,49.2458065592923,50.7541934407077
2023-04-07,15.6,5.6,0.0,0,36,10.6,0,0,0,4,0,80901,1018730.47228471,12.5923100120481,82.493417881114,17.506582118886,51.5098700881324,48.4901299118676
2023-04-08,12.2,2.8,0.0,0,15,7.5,0,0,0,5,1,76412,1140115.82916631,14.9206385013651,75.2669737737528,24.7330262262472,51.7366382243627,48.2633617756373
2023-04-09,13.9,4.4,0.0,0,19,9.15,0,0,0,6,1,69556,1108239.16281634,15.9330490944898,73.7190177698545,26.2809822301455,51.0725171085169,48.9274828914831
2023-04-10,20.0,5.6,0.0,0,23,12.8,0,0,0,0,0,89377,1258236.97378332,14.0778609013876,82.2795573805341,17.7204426194659,49.2699464067937,50.7300535932063
2023-04-11,23.9,10.6,0.0,0,26,17.25,0,0,0,1,0,103309,1460861.57208341,14.1406999591851,83.0111606926792,16.9888393073208,46.8061833915729,53.1938166084271
2023-04-12,28.9,17.8,0.0,0,25,23.35,0,0,0,2,0,115261,1684367.38128335,14.6135065744992,81.5115260148706,18.4884739851294,45.0724876584448,54.9275123415552
2023-04-13,32.2,19.4,0.0,0,25,25.8,0,1,0,3,0,118090,1761264.68044906,14.9145963286396,80.3692099246338,19.6307900753662,43.6463714116352,56.3536285883648
2023-04-14,32.8,21.1,0.0,0,15,26.95,0,1,0,4,0,118439,1841847.55239906,15.5510224875174,77.2853536419591,22.7146463580408,41.1367877135065,58.8632122864935
2023-04-15,23.9,15.0,0.5,0,16,19.45,1,0,0,5,1,100386,1593614.88943342,15.8748718888434,73.806108421493,26.193891578507,42.9880660649891,57.0119339350109
2023-04-16,21.7,13.9,0.0,0,13,17.8,0,0,0,6,1,102993,1724366.72720015,16.7425623799692,72.7379530647714,27.2620469352286,45.179769498898,54.820230501102
2023-04-17,20.0,11.7,0.0,0,26,15.85,0,0,0,0,0,91064,1155864.79075029,12.6928840238765,85.7616621277343,14.2383378722657,48.315470438373,51.684529561627
2023-04-18,13.9,7.2,0.0,0,32,10.55,0,0,0,1,0,95434,1111327.87683257,11.6449889644421,87.9948446046482,12.0051553953518,47.5836703900078,52.4163296099922
2023-04-19,17.8,7.2,0.0,0,26,12.5,0,0,0,2,0,105378,1309498.77543274,12.4266808577953,86.3984892482302,13.6015107517698,46.1538461538462,53.8461538461538
2023-04-20,18.9,7.2,0.0,0,12,13.05,0,0,0,3,0,112207,1462955.21688374,13.0380031271111,84.3788711934193,15.6211288065807,47.7153831757377,52.2846168242623
2023-04-21,21.7,10.6,0.0,0,23,16.15,0,0,0,4,0,114059,1603917.18351673,14.0621711878651,79.7666120165879,20.2333879834121,47.9462383503275,52.0537616496725
2023-04-22,19.4,10.6,17.3,0,32,15.0,1,0,0,5,1,112863,1952119.39569974,17.2963628088897,64.7076544128722,35.2923455871278,38.7390021530528,61.2609978469472
2023-04-23,20.6,10.0,38.4,0,25,15.3,1,0,0,6,1,87108,1419831.87306761,16.2996725107639,72.8693116590899,27.1306883409101,45.4263672682188,54.5736327317812
2023-04-24,16.7,6.7,0.0,0,18,11.7,0,0,0,0,0,98925,1273857.67376604,12.877004536427,84.4144553955016,15.5855446044984,46.7626990144049,53.2373009855951
2023-04-25,15.6,7.8,0.0,0,11,11.7,0,0,0,1,0,105149,1312205.76523395,12.4794887752996,85.9779931335533,14.0220068664467,44.6280991735537,55.3719008264463
2023-04-26,15.6,7.8,0.0,0,11,11.7,0,0,0,2,0,107935,1340298.01754981,12.4176404090406,86.377912632603,13.622087367397,44.4823273266318,55.5176726733682
2023-04-27,13.9,9.4,0.0,0,14,11.65,0,0,0,3,0,102173,1245037.90856689,12.1855862954685,86.0041302496746,13.9958697503254,45.6001096180008,54.3998903819992
2023-04-28,13.3,8.3,8.4,0,30,10.8,1,0,0,4,0,85135,1023922.83379928,12.0270492018474,84.6937217360663,15.3062782639338,47.2320432254654,52.7679567745346
2023-04-29,11.7,8.3,62.5,0,38,10.0,1,0,0,5,1,17446,180952.982499973,10.3721760002277,87.974320761206,12.025679238794,60.4493866788949,39.5506133211051
2023-04-30,15.6,10.0,58.9,0,31,12.8,1,0,0,6,1,24665,276842.650433305,11.2241090789907,84.7597810662883,15.2402189337117,54.0279748631664,45.9720251368336
2023-05-01,16.1,9.4,2.3,0,31,12.75,1,0,0,0,0,100770,1304796.08266664,12.9482592305908,85.1850749230922,14.8149250769078,45.7140021831894,54.2859978168106
2023-05-02,13.3,6.7,6.4,0,20,10.0,1,0,0,1,0,89124,1059478.64598311,11.8876918224398,88.014451775055,11.985548224945,46.2243615636641,53.7756384363359
2023-05-03,13.9,8.3,0.0,0,14,11.1,0,0,0,2,0,100983,1208745.83826663,11.9697952949173,87.472148777517,12.527851222483,45.3818959626868,54.6181040373132
2023-05-04,12.8,8.9,1.3,0,17,10.85,1,0,0,3,0,91394,1077488.36608342,11.7894869037729,87.447753681861,12.552246318139,48.2132306278312,51.7867693721688
2023-05-05,18.9,8.9,0.0,0,9,13.9,0,0,0,4,0,111041,1484139.67918273,13.3656908635795,82.8486775155123,17.1513224844877,48.0065921596527,51.9934078403473
2023-05-06,22.8,8.9,0.0,0,13,15.85,0,0,0,5,1,122073,2149682.36014925,17.6098101967611,71.5219581725689,28.4780418274311,39.6565989203182,60.3434010796818
2023-05-07,25.6,12.2,0.5,0,13,18.9,1,0,0,6,1,112268,2036513.3104339,18.1397487301273,70.3459578864859,29.6540421135141,36.2694623579292,63.7305376420708
2023-05-08,25.0,14.4,0.0,0,21,19.7,0,0,0,0,0,114074,1603213.73455011,14.0541555003779,83.1591773760892,16.8408226239108,40.4605782211547,59.5394217788453
2023-05-09,21.7,12.2,0.0,0,13,16.95,0,0,0,1,0,114690,1493002.51641662,13.01772182768,85.7119190862325,14.2880809137675,39.7645827883861,60.2354172116139
2023-05-10,22.8,10.0,0.0,0,9,16.4,0,0,0,2,0,122267,1643127.87430035,13.4388500110443,84.4994970024618,15.5005029975382,37.8409546320757,62.1590453679243
2023-05-11,26.7,13.9,0.0,0,17,20.3,0,0,0,3,0,127278,1776645.80303346,13.9587815885969,83.0559876805104,16.9440123194896,39.6313581294489,60.3686418705511
2023-05-12,30.6,18.3,0.0,0,13,24.450000000000003,0,1,0,4,0,127722,1862525.7313668,14.5826539779115,80.0300652980692,19.9699347019308,39.3745791641221,60.6254208358779
2023-05-13,27.8,18.9,0.0,0,13,23.35,0,0,0,5,1,120265,2031454.45983231,16.8914851355948,72.5838772710265,27.4161227289735,36.5609279507754,63.4390720492246
2023-05-14,23.3,15.0,0.0,0,28,19.15,0,0,0,6,1,106250,1865898.69440046,17.56139947671,72.3661176470588,27.6338823529412,38.704,61.296
2023-05-15,23.3,11.1,0.0,0,17,17.2,0,0,0,0,0,114062,1574856.63398301,13.8070227944714,83.7658466448072,16.2341533551928,40.3648892707475,59.6351107292525
2023-05-16,26.1,14.4,0.0,0,23,20.25,0,0,0,1,0,120662,1667177.81264789,13.8169250687696,83.8648456017636,16.1351543982364,30.9244003911754,69.0755996088247
2023-05-17,20.6,10.0,0.0,0,26,15.3,0,0,0,2,0,115162,1500540.46983341,13.0298229436221,84.9516333512791,15.0483666487209,31.5763880446675,68.4236119553325
2023-05-18,16.1,6.1,0.0,0,19,11.1,0,0,0,3,0,114056,1526822.24700104,13.3866017307378,83.8535456267097,16.1464543732903,37.5070140983377,62.4929859016623
2023-05-19,21.1,11.1,0.0,0,10,16.1,0,0,0,4,0,118927,1678750.73155019,14.1158082819729,80.3635843836976,19.6364156163024,39.8731995257595,60.1268004742405
2023-05-20,18.3,13.9,19.6,0,13,16.1,1,0,0,5,1,44265,552325.691616749,12.4777068025923,81.1385970857337,18.8614029142663,51.5599231898791,48.4400768101209
2023-05-21,21.1,12.8,0.5,0,21,16.950000000000003,1,0,0,6,1,113403,1943324.66598223,17.1364484712241,71.978695448974,28.021304551026,39.602126927859,60.397873072141
2023-05-23,21.1,12.2,0.0,0,13,16.65,0,0,0,1,0,121421,1604792.32886738,13.2167609298836,84.8757628416831,15.1242371583169,41.0579718500095,58.9420281499905
2023-05-24,25.0,11.7,2.0,0,12,18.35,1,0,0,2,0,115799,1520141.85523315,13.1274178121843,84.6199017262671,15.3800982737329,42.7913885266712,57.2086114733288
2023-05-25,20.0,10.0,0.0,0,33,15.0,0,0,0,3,0,121470,1626256.25149951,13.3881308265376,83.7795340413271,16.2204659586729,43.8733843747427,56.1266156252573
2023-05-26,22.2,11.7,0.0,0,15,16.95,0,0,0,4,0,120390,1729519.79009903,14.3659754971263,79.2225267879392,20.7774732120608,43.8358667663427,56.1641332336573
2023-05-27,25.6,13.3,0.0,0,15,19.450000000000003,0,0,0,5,1,105109,1852082.11943326,17.6205854820543,69.5915668496513,30.4084331503487,40.7186825105367,59.2813174894633
2023-05-28,26.1,15.0,0.0,0,10,20.55,0,0,0,6,1,98311,1829379.24598385,18.6080829813941,67.9171201594938,32.0828798405062,38.951897549613,61.048102450387
2023-05-29,26.1,15.0,0.0,0,24,20.55,0,0,0,0,0,101992,1836169.98708317,18.0030785461918,70.9173268491646,29.0826731508354,37.1813475566711,62.8186524433289
2023-05-30,22.2,12.8,0.0,0,22,17.5,0,0,0,1,0,111325,1496801.54720053,13.4453316613567,84.2218728946777,15.7781271053223,36.9054569952841,63.0945430047159
2023-05-31,25.0,10.6,0.0,0,10,17.8,0,0,0,2,0,121072,1637848.6086334,13.5278892612114,84.2994251354566,15.7005748645434,33.679133077838,66.320866922162
2023-06-01,30.6,15.0,0.0,0,8,22.8,0,1,0,3,0,125771,1750303.72693417,13.9165922743253,83.0803603374387,16.9196396625613,33.134029307233,66.865970692767
2023-06-02,32.8,18.9,6.1,0,9,25.85,1,1,0,4,0,110717,1546541.80305189,13.968422221085,81.1266562497177,18.8733437502823,37.0701879566824,62.9298120433176
2023-06-03,20.6,12.2,0.0,0,34,16.4,0,0,0,5,1,105126,1624861.85168314,15.4563271853125,75.0670623822841,24.9329376177159,35.4403287483591,64.5596712516409
2023-06-04,20.6,9.4,0.0,0,26,15.0,0,0,0,6,1,102893,1658058.47560087,16.1143952999804,74.0662630110892,25.9337369889108,36.0675653348624,63.9324346651376
2023-06-05,24.4,13.3,0.0,0,13,18.85,0,0,0,0,0,114491,1566430.55401673,13.6816916090936,83.5139879990567,16.4860120009433,39.5393524381829,60.4606475618171
2023-06-06,26.1,15.6,0.0,0,17,20.85,0,0,0,1,0,111631,1442181.08221617,12.9191808925492,84.5025127428761,15.4974872571239,40.918741209879,59.081258790121
2023-06-07,20.6,13.9,0.0,0,22,17.25,0,0,0,2,0,91742,1064716.03254976,11.6055463424577,86.0380196638399,13.9619803361601,46.5620980575963,53.4379019424037
2023-06-08,22.2,12.8,0.0,0,12,17.5,0,0,0,3,0,95888,1181431.39053355,12.3209514280571,83.3639245786751,16.6360754213249,49.5181878858668,50.4818121141331
2023-06-09,22.2,14.4,0.0,0,17,18.3,0,0,0,4,0,111877,1541558.47933358,13.7790473406828,81.0953100279771,18.9046899720228,47.8740044870706,52.1259955129294
2023-06-10,25.6,14.4,0.0,0,17,20.0,0,0,0,5,1,121330,2028986.86164961,16.7228786091618,72.4758921948405,27.5241078051595,40.8934311382181,59.1065688617819
2023-06-11,27.8,17.8,0.3,0,4,22.8,1,0,0,6,1,107702,1810342.52590014,16.8088106618274,73.1564873447104,26.8435126552896,38.7244433715251,61.2755566284749
2023-06-12,25.6,18.9,7.6,0,13,22.25,1,0,0,0,0,96596,1241193.65099862,12.8493276222477,84.742639446768,15.257360553232,43.6384529380099,56.3615470619901
2023-06-13,25.6,17.8,0.0,0,22,21.700000000000003,0,0,0,1,0,130621,1816582.57191659,13.9072780940017,83.076993745263,16.923006254737,42.8874377014416,57.1125622985584
2023-06-14,24.4,17.2,3.6,0,17,20.8,1,0,0,2,0,116494,1501914.11849898,12.8926306805414,84.8215358730922,15.1784641269078,43.7550431781894,56.2449568218106
2023-06-15,25.0,16.1,0.0,0,23,20.55,0,0,0,3,0,133704,1849803.33723354,13.8350635525755,82.1523664213487,17.8476335786513,41.350296176629,58.649703823371
2023-06-16,26.1,17.2,5.8,0,12,21.65,1,0,0,4,0,105098,1381026.8890507,13.1403726907335,81.3659631962549,18.6340368037451,46.9799615596871,53.0200384403129
2023-06-17,25.0,16.7,0.0,0,20,20.85,0,0,0,5,1,115671,1878585.69838312,16.2407664702744,71.8883730580699,28.1116269419301,45.2732318385767,54.7267681614233
2023-06-18,26.7,16.7,0.0,0,20,21.7,0,0,0,6,1,109889,1919027.37844998,17.4633255234829,70.0497775027528,29.9502224972472,42.583880097189,57.416119902811
2023-06-19,27.2,18.3,0.0,0,17,22.75,0,0,0,0,0,119723,1844661.01878399,15.4077413595045,75.6755176532496,24.3244823467504,42.7394903234967,57.2605096765033
2023-06-20,25.6,17.8,0.0,0,24,21.700000000000003,0,0,0,1,0,127781,1726445.26416705,13.5109700516276,83.132860127875,16.867139872125,42.3380627792864,57.6619372207136
2023-06-21,22.8,16.7,0.0,0,47,19.75,0,0,0,2,0,131418,1726935.54978332,13.1407839853241,83.5091083413231,16.4908916586769,42.4287388333409,57.5712611666591
2023-06-22,22.2,15.6,0.0,0,39,18.9,0,0,0,3,0,115888,1469889.96060041,12.6837115197467,83.328731188734,16.671268811266,46.7097542454784,53.2902457545216
2023-06-23,21.7,18.3,1.0,0,14,20.0,1,0,0,4,0,106646,1378085.11001655,12.9220515538935,81.3663897380117,18.6336102619883,48.5428426757684,51.4571573242316
2023-06-24,25.6,20.6,1.8,0,3,23.1,1,0,0,5,1,109842,1671653.28936453,15.2187076834409,73.3107554487354,26.6892445512645,47.7176307787549,52.2823692212451
2023-06-25,29.4,21.7,0.0,0,7,25.55,0,0,0,6,1,115519,1876156.189467,16.2411048352827,71.4168232065721,28.5831767934279,45.1328352911642,54.8671647088358
2023-06-26,25.6,20.0,13.0,0,18,22.8,1,0,0,0,0,101779,1299626.43288251,12.7691020041711,83.2352449915994,16.7647550084006,43.8793857279006,56.1206142720994
2023-06-27,26.1,18.9,2.0,0,7,22.5,1,0,0,1,0,118355,1520320.81690096,12.8454295712133,83.7919817498205,16.2080182501795,46.5649951417346,53.4350048582654
2023-06-28,27.8,18.9,0.0,0,17,23.35,0,0,0,2,0,130137,1729674.97193258,13.2911852273573,82.0681282033549,17.9318717966451,45.9093109569146,54.0906890430854
2023-06-29,27.8,18.3,0.0,0,11,23.05,0,0,0,3,0,129459,1745973.98523392,13.4866945151276,80.658741377579,19.341258622421,47.2041341274071,52.7958658725929
2023-06-30,28.9,21.1,0.0,0,8,25.0,0,0,0,4,0,112480,1507445.07933295,13.4018943752928,78.3810455192034,21.6189544807966,50.602773826458,49.397226173542
2023-07-01,27.8,20.6,0.0,0,11,24.200000000000003,0,0,0,5,1,106844,1750613.99481706,16.3847665270589,69.1765564748605,30.8234435251395,48.7009097375613,51.2990902624387
2023-07-02,31.1,21.1,14.7,0,10,26.1,1,1,0,6,1,82279,1328816.61155056,16.150130793405,69.6556837103028,30.3443162896972,49.1510592010112,50.8489407989888
2023-07-03,31.7,22.2,11.4,0,12,26.95,1,1,0,0,0,96046,1466798.2806169,15.27183100407,74.1873685525686,25.8126314474314,51.3202007371468,48.6797992628532
2023-07-04,28.3,22.8,16.0,0,3,25.55,1,0,0,1,0,82545,1411700.08055045,17.1021876618869,69.0847416560664,30.9152583439336,52.3956629717124,47.6043370282876
2023-07-05,33.9,22.2,0.0,0,8,28.05,0,1,0,2,0,114844,1569052.43180018,13.6624676239086,80.3463829194385,19.6536170805615,51.5716972588903,48.4283027411097
2023-07-06,32.2,23.9,0.0,0,6,28.05,0,1,0,3,0,121899,1655706.06338235,13.5826057915351,80.4600529946923,19.5399470053077,50.1784264021854,49.8215735978146
2023-07-07,30.6,23.3,0.0,0,3,26.950000000000003,0,1,0,4,0,121972,1678840.99141675,13.764150718335,78.1933558521628,21.8066441478372,50.8149411340308,49.1850588659692
2023-07-08,31.1,24.4,0.0,0,13,27.75,0,1,0,5,1,115433,1775391.16798304,15.3802739942914,71.2084066081623,28.7915933918377,46.8236985957222,53.1763014042778
2023-07-09,27.8,22.2,24.9,0,8,25.0,1,0,0,6,1,87886,1299462.81848312,14.7857772396413,73.8479393760098,26.1520606239902,45.4429601984389,54.5570398015611
2023-07-10,28.9,21.7,0.0,0,17,25.3,0,0,0,0,0,122683,1651899.67463406,13.4647805697128,81.1228939624887,18.8771060375113,46.9298924871417,53.0701075128583
2023-07-11,31.7,20.0,0.0,0,13,25.85,0,1,0,1,0,132806,1783088.69696593,13.4262661097085,81.4707166844871,18.5292833155129,45.0070026956613,54.9929973043387
2023-07-12,32.8,24.4,0.0,0,14,28.6,0,1,0,2,0,132644,1724142.56520005,12.9982702964329,81.6591779500015,18.3408220499985,43.9959591085914,56.0040408914086
2023-07-13,31.1,25.0,0.0,0,11,28.05,0,1,0,3,0,130762,1739958.79794942,13.3063030387226,81.0984842691302,18.9015157308698,45.2440311405454,54.7559688594546
2023-07-14,28.9,21.7,12.2,0,20,25.3,1,0,0,4,0,105761,1380326.98865091,13.0513798909891,79.761916018192,20.238083981808,49.2648518830193,50.7351481169807
2023-07-15,31.1,21.7,1.0,0,7,26.4,1,1,0,5,1,109158,1691135.69933297,15.4925493260498,70.6947727147804,29.3052272852196,48.2163469466278,51.7836530533722
2023-07-16,25.6,23.3,33.5,0,7,24.450000000000003,1,0,0,6,1,64586,893486.892999479,13.8340645495848,75.4823026662125,24.5176973337875,51.6799306351222,48.3200693648778
2023-07-17,31.1,23.3,0.0,0,12,27.200000000000003,0,1,0,0,0,124097,1690342.32909932,13.621137731769,80.4983198626881,19.5016801373119,48.2195379420937,51.7804620579063
2023-07-18,28.9,22.8,5.6,0,6,25.85,1,0,0,1,0,121870,1564046.5788329,12.8337292100839,82.5494379256585,17.4505620743415,47.6056453598096,52.3943546401904
2023-07-19,26.7,22.2,0.0,0,6,24.45,0,0,0,2,0,131269,1711980.66165048,13.0417742319244,81.9957491867844,18.0042508132156,48.3061499668619,51.6938500331381
2023-07-20,31.1,22.2,0.0,0,12,26.65,0,1,0,3,0,138662,1861950.61230118,13.4279803572803,80.1834677128557,19.8165322871443,48.1826311462405,51.8173688537595
2023-07-21,28.9,21.7,3.8,0,14,25.3,1,0,0,4,0,124158,1726683.2059327,13.9071441705949,77.4271492775335,22.5728507224665,50.6121232622948,49.3878767377052
2023-07-22,29.4,21.1,0.0,0,14,25.25,0,0,0,5,1,132039,2170614.76304943,16.4391942005728,68.6471421322488,31.3528578677512,46.0735085845849,53.9264914154151
2023-07-23,31.1,20.6,0.0,0,7,25.85,0,1,0,6,1,121735,1988348.97546546,16.3334207538132,69.3333880970961,30.6666119029039,45.9900603770485,54.0099396229515
2023-07-24,29.4,23.3,0.0,0,14,26.35,0,0,0,0,0,124999,1700350.00973292,13.6029089011346,79.9910399283194,20.0089600716806,46.8555748445988,53.1444251554012
2023-07-25,30.0,20.0,7.1,0,13,25.0,1,0,0,1,0,111058,1394262.49331597,12.5543634255612,82.6982297538223,17.3017702461777,48.6106358839525,51.3893641160475
2023-07-26,30.6,20.0,0.0,0,9,25.3,0,1,0,2,0,142166,1910147.64526749,13.436037064189,80.5431678460391,19.4568321539609,48.2548569981571,51.7451430018429
2023-07-27,33.3,23.9,3.8,0,22,28.6,1,1,0,3,0,127622,1639103.22531635,12.843422178906,81.0612590305747,18.9387409694253,50.2969707417216,49.7030292582784
2023-07-28,33.3,23.9,0.0,0,11,28.6,0,1,0,4,0,124766,1662084.08186713,13.3216107101865,77.8729782152189,22.1270217847811,53.9129249955918,46.0870750044082
2023-07-29,31.7,21.1,1.5,0,23,26.4,1,1,0,5,1,119267,1822783.70979918,15.2832192458867,70.4796800456119,29.5203199543881,52.0948795559543,47.9051204440457
2023-07-30,26.7,18.9,0.0,0,21,22.8,0,0,0,6,1,127802,2145331.61716661,16.7863696747046,69.292342842835,30.707657157165,47.3998841958655,52.6001158041345
2023-07-31,29.4,18.9,0.0,0,13,24.15,0,0,0,0,0,129766,1754373.62058206,13.5195168270739,79.7697393770325,20.2302606229675,48.3285298152058,51.6714701847942
2023-08-01,27.8,18.3,0.0,0,21,23.05,0,0,0,1,0,141725,1943773.18061718,13.7151044672228,80.6830128770506,19.3169871229494,48.9144469924149,51.0855530075851
2023-08-02,27.2,17.8,0.0,0,13,22.5,0,0,0,2,0,143857,1958193.27173297,13.6120819406283,80.5000799404965,19.4999200595035,48.3646954962219,51.6353045037781
2023-08-03,26.7,18.9,0.0,0,14,22.8,0,0,0,3,0,139410,1891089.66701614,13.5649499104522,80.2309733878488,19.7690266121512,47.2720751739473,52.7279248260527
2023-08-04,25.0,21.7,0.0,0,12,23.35,0,0,0,4,0,127560,1729507.95206732,13.5583878337043,78.359987456883,21.640012543117,49.6887739103167,50.3112260896833
2023-08-05,30.6,21.7,0.0,0,15,26.15,0,1,0,5,1,137059,2418921.56031631,17.6487611927444,66.8536907463209,33.1463092536791,46.6492532413048,53.3507467586952
2023-08-06,30.6,20.6,0.0,0,10,25.6,0,1,0,6,1,123155,2047363.25893438,16.6242804509307,69.7811700702367,30.2188299297633,48.9147821850514,51.0852178149486
2023-08-07,27.2,20.0,28.4,0,9,23.6,1,0,0,0,0,98969,1262640.65691519,12.7579409402456,81.2456425749477,18.7543574250523,52.792288494377,47.207711505623
2023-08-08,26.7,21.1,0.3,0,24,23.9,1,0,0,1,0,132907,1777968.23158247,13.377536409538,81.6029253538188,18.3970746461812,51.6857652343368,48.3142347656632
2023-08-09,30.0,20.6,0.0,0,31,25.3,0,0,0,2,0,140710,1926752.25939986,13.6930726984569,81.1164807049961,18.8835192950039,50.8087555966172,49.1912444033828
2023-08-10,27.2,21.1,12.2,0,9,24.15,1,0,0,3,0,89651,1060021.09903367,11.8238625228237,83.5975058839277,16.4024941160723,53.3569062252513,46.6430937747487
2023-08-11,29.4,19.4,0.0,0,17,24.4,0,0,0,4,0,135360,1921781.45848259,14.1975580561659,77.4098699763593,22.5901300236407,53.9391252955083,46.0608747044917
2023-08-12,29.4,20.6,0.0,0,13,25.0,0,0,0,5,1,132005,2361034.87891631,17.8859503724578,67.4625961137836,32.5374038862164,48.6299761372675,51.3700238627325
2023-08-13,31.1,20.6,17.5,0,21,25.85,1,1,0,6,1,116922,1931017.25638271,16.5154312822457,70.7095328509605,29.2904671490395,51.7002788183575,48.2997211816425
2023-08-14,30.6,22.2,0.5,0,5,26.4,1,1,0,0,0,123081,1662430.10723418,13.5067972086203,80.3617130182563,19.6382869817437,51.4864195123537,48.5135804876463
2023-08-15,26.7,21.1,19.6,0,21,23.9,1,0,0,1,0,128808,1707706.46871672,13.2577671318296,82.0779765231973,17.9220234768027,51.7879324265574,48.2120675734426
2023-08-16,27.8,20.6,33.8,0,13,24.200000000000003,1,0,0,2,0,135633,1830841.79689924,13.498498130243,81.2258078786136,18.7741921213864,51.7595275486054,48.2404724513946
2023-08-17,26.1,22.2,0.0,0,17,24.15,0,0,0,3,0,131527,1745801.05161714,13.273328302304,80.7248701787466,19.2751298212534,50.7431934127594,49.2568065872406
2023-08-18,26.7,18.3,19.6,0,22,22.5,1,0,0,4,0,127166,1830550.36151673,14.3949669055938,76.8153437239514,23.1846562760486,51.6191434817483,48.3808565182517
2023-08-19,25.6,17.2,0.0,0,22,21.4,0,0,0,5,1,143340,2697917.6326344,18.8218057250897,66.0108832147342,33.9891167852658,44.3965396958281,55.6034603041719
2023-08-20,29.4,18.9,0.0,0,16,24.15,0,0,0,6,1,118792,1977472.67910045,16.6465138990877,69.9154825240757,30.0845174759243,47.2422385345815,52.7577614654186
2023-08-21,31.1,22.8,0.0,0,20,26.950000000000003,0,1,0,0,0,121420,1641623.45721732,13.5202063681216,80.4875638280349,19.5124361719651,48.6040191072311,51.3959808927689
2023-08-22,26.1,19.4,0.0,0,22,22.75,0,0,0,1,0,136111,1844768.03671639,13.5534088847808,81.3270051649022,18.6729948350978,47.5354673758917,52.4645326241083
2023-08-23,26.7,17.8,0.0,0,14,22.25,0,0,0,2,0,136720,1838071.15326493,13.4440546610953,81.5140433001755,18.4859566998245,47.0925980105325,52.9074019894675
2023-08-24,22.8,19.4,3.6,0,5,21.1,1,0,0,3,0,100987,1252234.82268251,12.3999606155495,83.1215899076119,16.8784100923881,50.6580054858546,49.3419945141454
2023-08-25,25.6,20.6,11.2,0,6,23.1,1,0,0,4,0,98154,1270286.88304954,12.9417739781315,79.6544206043564,20.3455793956436,56.2198178372761,43.7801821627239
2023-08-26,28.9,22.8,13.2,0,12,25.85,1,0,0,5,1,124422,2032046.19661741,16.3318882240873,69.8887656523766,30.1112343476234,51.4507080741348,48.5492919258652
2023-08-27,28.9,21.1,0.0,0,21,25.0,0,0,0,6,1,124929,2057322.18038238,16.4679312279966,70.5464703951845,29.4535296048155,50.9649480905154,49.0350519094846
2023-08-28,24.4,20.6,0.0,0,17,22.5,0,0,0,0,0,121316,1632722.95199878,13.4584304790695,81.2547396880873,18.7452603119127,51.754921032675,48.245078967325
2023-08-29,26.7,20.0,0.0,0,19,23.35,0,0,0,1,0,134291,1767538.20650005,13.1620004803006,81.9265624650944,18.0734375349055,51.7048797015437,48.2951202984563
2023-08-30,28.3,20.0,6.9,0,22,24.15,1,0,0,2,0,129609,1705736.17166776,13.1606306017924,81.7281207323565,18.2718792676435,51.4956523080959,48.5043476919041
2023-08-31,25.0,17.8,0.0,0,33,21.4,0,0,0,3,0,137031,1854208.6902837,13.5313081732142,80.6292006918143,19.3707993081857,49.9974458334245,50.0025541665754
2023-09-01,24.4,16.1,0.0,0,20,20.25,0,0,0,4,0,126814,1829612.90473307,14.4275309093087,75.4758938287571,24.5241061712429,50.2263157064677,49.7736842935323
2023-09-02,26.1,16.7,0.0,0,10,21.4,0,0,0,5,1,117986,2023144.29318338,17.1473250485934,68.16995236723,31.83004763277,48.526943874697,51.473056125303
2023-09-03,31.1,20.0,0.0,0,18,25.55,0,1,0,6,1,110654,1903602.26506655,17.2031943270603,67.1281652719287,32.8718347280713,49.8915538525494,50.1084461474506
2023-09-04,31.7,22.8,0.0,0,8,27.25,0,1,0,0,0,110362,1756274.33208264,15.913759555668,70.6982475852195,29.3017524147805,51.0329642449394,48.9670357550606
2023-09-05,33.3,23.9,0.0,0,13,28.6,0,1,0,1,0,132287,1693588.10735025,12.802377462262,82.7889361766462,17.2110638233538,49.6677678078723,50.3322321921277
2023-09-06,33.9,25.0,0.0,0,11,29.45,0,1,0,2,0,140254,1806500.61506567,12.8802074455321,83.2560925178605,16.7439074821395,48.4799007514937,51.5200992485063
2023-09-07,33.9,24.4,0.0,0,9,29.15,0,1,0,3,0,143654,1837655.51669862,12.7922335382142,82.3450791485096,17.6549208514904,48.6042852966155,51.3957147033845
2023-09-08,32.2,21.7,2.5,0,8,26.950000000000003,1,1,0,4,0,119403,1528281.24260089,12.7993538068634,80.6562649179669,19.3437350820331,52.8278183965227,47.1721816034773
2023-09-09,28.9,21.1,0.5,0,5,25.0,1,0,0,5,1,124567,1827592.61173301,14.6715631887497,73.0418168535808,26.9581831464192,52.3140157505599,47.6859842494401
2023-09-10,25.0,20.6,45.7,0,11,22.8,1,0,0,6,1,85432,1202898.88811746,14.0801911241392,75.5360988856634,24.4639011143365,52.5470549676936,47.4529450323064
2023-09-11,27.8,20.6,42.2,0,13,24.200000000000003,1,0,0,0,0,110430,1410752.50940065,12.7750838485978,82.9910350448248,17.0089649551752,51.7033414832926,48.2966585167074
2023-09-12,27.8,20.0,0.0,0,4,23.9,0,0,0,1,0,155005,2100607.26963246,13.5518678083445,82.4831457049773,17.5168542950227,49.715815618851,50.284184381149
2023-09-13,26.1,21.1,5.6,0,12,23.6,1,0,0,2,0,143044,1854527.17165091,12.9647323316665,83.6001510024887,16.3998489975113,50.0370515365901,49.9629484634099
2023-09-14,25.0,17.2,0.0,0,24,21.1,0,0,0,3,0,155215,2045298.8003498,13.1771980823361,82.4185806784138,17.5814193215862,43.7161356827626,56.2838643172374
2023-09-15,20.6,14.4,0.0,0,28,17.5,0,0,0,4,0,144243,1913342.65626448,13.2647175687171,79.7972865234362,20.2027134765639,51.9602337721761,48.0397662278239
2023-09-16,23.9,15.6,0.0,0,28,19.75,0,0,0,5,1,142288,2307720.69906718,16.2186600350499,70.7621162712246,29.2378837287754,50.3612391768807,49.6387608231193
2023-09-17,25.0,15.0,5.3,0,10,20.0,1,0,0,6,1,124157,1996010.09241643,16.0765006597812,71.1035221534025,28.8964778465975,50.0632263988337,49.9367736011663
2023-09-18,20.0,15.6,34.0,0,15,17.8,1,0,0,0,0,59235,670571.649600181,11.3205309293524,85.3414366506289,14.6585633493711,60.0,40.0
2023-09-19,22.2,14.4,0.0,0,20,18.3,0,0,0,1,0,151180,2026530.86436827,13.4047550229413,82.3501785950523,17.6498214049477,52.8614896150284,47.1385103849716
2023-09-20,23.3,14.4,0.0,0,12,18.85,0,0,0,2,0,155148,2066375.85974927,13.3187399112415,82.0184597932297,17.9815402067703,51.3941526800217,48.6058473199783
2023-09-21,21.7,13.9,0.0,0,15,17.8,0,0,0,3,0,152016,2036832.63763257,13.3988043208121,81.1954004841596,18.8045995158404,50.4815282601831,49.5184717398169
2023-09-22,21.7,15.0,0.0,0,31,18.35,0,0,0,4,0,147693,1978357.40241633,13.395065456158,79.0877021930626,20.9122978069374,52.3464212928169,47.6535787071831
2023-09-23,17.2,13.9,24.4,0,52,15.55,1,0,0,5,1,35461,418659.937982322,11.8062078898599,80.8465638306872,19.1534361693128,61.0501677899664,38.9498322100336
2023-09-24,18.9,16.7,31.8,0,53,17.799999999999997,1,0,0,6,1,34443,396410.822083259,11.5091839294852,82.3534535319223,17.6465464680777,61.1067560897715,38.8932439102285
2023-09-25,18.9,13.9,15.0,0,43,16.4,1,0,0,0,0,42673,434065.244817085,10.1718942848426,88.0908302673822,11.9091697326178,61.549457502402,38.450542497598
2023-09-26,15.6,12.2,5.1,0,30,13.9,1,0,0,1,0,82835,942318.860216362,11.3758539290924,86.8545904508964,13.1454095491036,57.8777086980141,42.1222913019859
2023-09-27,17.8,10.0,0.0,0,31,13.9,0,0,0,2,0,136632,1748006.8576672,12.7935392709409,84.0117981146437,15.9882018853563,50.4310849581357,49.5689150418643
2023-09-28,18.3,13.3,9.7,0,29,15.8,1,0,0,3,0,106580,1293568.26800036,12.1370638769035,85.1557515481329,14.8442484518671,51.8746481516232,48.1253518483768
2023-09-29,17.2,15.0,139.2,0,36,16.1,1,0,0,4,0,47942,644957.910033445,13.4528786874442,77.7209962037462,22.2790037962538,60.1163906386884,39.8836093613116
2023-09-30,18.9,13.9,1.0,0,23,16.4,1,0,0,5,1,101183,1450443.06468311,14.3348493786814,75.8674876214384,24.1325123785616,53.4230058409021,46.5769941590979
2023-10-01,24.4,15.0,0.0,0,19,19.7,0,0,0,6,1,130514,2200250.01516719,16.858344814864,70.9104004168135,29.0895995831865,47.6853057909496,52.3146942090504
2023-10-02,25.0,17.2,0.0,0,10,21.1,0,0,0,0,0,134747,1832846.56855048,13.6021326526787,81.9877251441591,18.0122748558409,47.3732253779305,52.6267746220695
2023-10-03,26.7,16.1,0.0,0,4,21.4,0,0,0,1,0,145868,1951633.28401678,13.3794477473933,83.1169276332026,16.8830723667974,46.1732525296844,53.8267474703156
2023-10-04,28.3,18.9,0.0,0,7,23.6,0,0,0,2,0,149213,1994178.60581646,13.3646438702824,82.6369016104495,17.3630983895505,46.1146146783457,53.8853853216543
2023-10-05,25.0,16.7,0.0,0,10,20.85,0,0,0,3,0,147353,2008061.88820033,13.6275602682018,82.1992087029107,17.8007912970893,45.3509599397366,54.6490400602635
2023-10-06,21.7,19.4,3.6,0,10,20.55,1,0,0,4,0,120829,1531228.56008373,12.6726908282261,81.2710524791234,18.7289475208766,50.1576608264572,49.8423391735428
2023-10-07,20.6,11.7,8.9,0,26,16.15,1,0,0,5,1,68270,858644.99716745,12.5771934549209,78.1001904203896,21.8998095796104,54.2522337776476,45.7477662223524
2023-10-08,15.0,10.0,0.0,0,30,12.5,0,0,0,6,1,104407,1562566.32913378,14.9661069577115,72.3869089237312,27.6130910762688,53.05582958997,46.94417041003
2023-10-09,15.6,9.4,0.0,0,18,12.5,0,0,0,0,0,107366,1390364.52948326,12.9497655634303,80.6996628355345,19.3003371644655,53.5588547584897,46.4411452415103
2023-10-10,17.2,11.1,0.5,0,15,14.15,1,0,0,1,0,127611,1599613.83925012,12.53507800464,84.8892336867511,15.1107663132489,52.9703552201613,47.0296447798387
2023-10-11,20.6,12.8,0.0,0,9,16.700000000000003,0,0,0,2,0,141542,1843424.69981686,13.0238706519397,83.8323607127213,16.1676392872787,52.775148012604,47.224851987396
2023-10-12,20.6,11.7,0.0,0,8,16.15,0,0,0,3,0,141688,1875072.67168324,13.2338142375022,82.8623454350404,17.1376545649596,52.6628931172718,47.3371068827282
2023-10-13,17.2,10.6,0.0,0,17,13.9,0,0,0,4,0,135848,1834633.52558224,13.505046269229,78.84326600318,21.15673399682,56.3350214946116,43.6649785053884
2023-10-14,13.3,9.4,20.6,0,20,11.35,1,0,0,5,1,41808,475657.1991166,11.3771813795589,80.4989475698431,19.5010524301569,62.3301760428626,37.6698239571374
2023-10-15,15.6,10.0,0.3,0,26,12.8,1,0,0,6,1,105753,1542937.37799948,14.5900104772392,74.7922044764688,25.2077955235312,56.5364575945836,43.4635424054164
2023-10-16,17.2,8.9,0.0,0,18,13.05,0,0,0,0,0,120034,1514439.64748265,12.6167556482552,83.7695986137261,16.2304013862739,55.4984421080694,44.5015578919306
2023-10-17,16.1,10.6,0.0,0,13,13.35,0,0,0,1,0,132440,1667392.53316664,12.5897956294672,84.5039263062519,15.4960736937481,54.8693748112353,45.1306251887647
2023-10-18,17.2,11.1,0.0,0,9,14.15,0,0,0,2,0,136010,1708892.60326546,12.5644629311482,84.3511506506874,15.6488493493126,55.5973825454011,44.4026174545989
2023-10-19,17.8,11.1,0.0,0,9,14.45,0,0,0,3,0,139000,1747216.24266652,12.5699010263778,82.9410071942446,17.0589928057554,55.7791366906475,44.2208633093525
2023-10-20,17.2,15.0,21.3,0,12,16.1,1,0,0,4,0,61620,669226.079682631,10.8605335878389,84.7922752353132,15.2077247646868,63.6270691333983,36.3729308666018
2023-10-21,17.2,13.3,17.0,0,25,15.25,1,0,0,5,1,94267,1303018.78591574,13.8226397988239,76.2695322859537,23.7304677140463,58.7543891287513,41.2456108712487
2023-10-22,13.9,8.9,0.0,0,37,11.4,0,0,0,6,1,99594,1389074.28736719,13.9473691925936,75.6762455569613,24.3237544430387,56.1077976584935,43.8922023415065
2023-10-23,15.6,8.3,0.0,0,24,11.95,0,0,0,0,0,115263,1412213.46874918,12.252097106176,84.6464173238594,15.3535826761407,55.0055091399669,44.9944908600331
2023-10-24,18.3,8.3,0.0,0,13,13.3,0,0,0,1,0,132504,1649918.66954978,12.4518404693426,84.939322586488,15.060677413512,55.3221034836684,44.6778965163316
2023-10-25,22.2,11.7,0.0,0,23,16.95,0,0,0,2,0,141274,1796295.67824935,12.7149771242363,84.2101165111769,15.7898834888231,55.6818664439316,44.3181335560684
2023-10-26,25.0,14.4,0.0,0,11,19.7,0,0,0,3,0,148854,1966610.64121722,13.2116748036144,82.5204562860252,17.4795437139748,55.1123920082766,44.8876079917234
2023-10-27,23.3,17.2,0.0,0,17,20.25,0,0,0,4,0,146456,1969721.941218,13.4492403262275,79.5078385317092,20.4921614682908,56.9911782378325,43.0088217621675
2023-10-28,26.7,17.2,0.0,0,22,21.95,0,0,0,5,1,155914,2599841.46846726,16.6748429805356,68.9681491078415,31.0318508921585,53.8380132637223,46.1619867362777
2023-10-29,17.2,10.6,11.9,0,31,13.9,1,0,0,6,1,49512,594303.776449492,12.0032270247514,79.1121344320569,20.8878655679431,59.0786072063338,40.9213927936662
2023-10-30,15.6,10.0,15.0,0,20,12.8,1,0,0,0,0,98748,1197628.39240007,12.1281280876582,85.9551585854903,14.0448414145097,55.8816381091263,44.1183618908737
2023-10-31,10.6,7.2,0.0,0,17,8.9,0,0,0,1,0,117200,1408403.43396867,12.0170941464903,85.9744027303754,14.0255972696246,55.9069965870307,44.0930034129693
2023-11-01,9.4,3.9,0.3,0,30,6.65,1,0,0,2,0,100111,1176885.8872501,11.7558099234859,87.5248474193645,12.4751525806355,56.8758677867567,43.1241322132433
2023-11-02,8.9,1.7,0.0,0,20,5.3,0,0,0,3,0,108171,1278266.90865047,11.8170943104017,86.8291871203927,13.1708128796073,56.6131403056272,43.3868596943728
2023-11-03,12.8,5.6,0.0,0,22,9.2,0,0,0,4,0,113992,1416200.76178214,12.4236855374249,82.6803635342831,17.3196364657169,58.6892062600884,41.3107937399116
2023-11-04,16.1,8.3,0.0,0,13,12.2,0,0,0,5,1,111000,1585702.94228368,14.285612092646,74.8630630630631,25.1369369369369,57.9918918918919,42.0081081081081
2023-11-05,18.3,9.4,0.0,0,10,13.85,0,0,0,6,1,111006,1661200.00983385,14.9649569377677,72.919481829811,27.080518170189,55.577176008504,44.422823991496
2023-11-06,13.3,6.7,0.0,0,17,10.0,0,0,0,0,0,105623,1311488.2773166,12.4166921723167,85.2285960444221,14.7714039555779,54.9671946451057,45.0328053548943
2023-11-07,17.8,11.7,1.5,0,23,14.75,1,0,0,1,0,116876,1494911.24968282,12.7905750511895,85.2801259454465,14.7198740545535,54.391834080564,45.608165919436
2023-11-08,12.2,6.1,0.0,0,24,9.15,0,0,0,2,0,109783,1312171.99326651,11.9524151577796,86.9524425457493,13.0475574542507,55.4211489939244,44.5788510060756
2023-11-09,13.9,5.6,0.0,0,14,9.75,0,0,0,3,0,117168,1471151.25398598,12.5559133379932,85.5293254130821,14.4706745869179,56.3515635668442,43.6484364331558
2023-11-10,11.7,7.2,0.0,0,20,9.45,0,0,0,4,0,107546,1313885.94254902,12.2169670889574,82.7552861101296,17.2447138898704,59.4331727818794,40.5668272181206
2023-11-11,12.8,5.6,0.0,0,18,9.2,0,0,0,5,1,102379,1474295.68771674,14.4003720266533,74.92454507272,25.07545492728,58.8099121890231,41.1900878109769
2023-11-12,6.7,2.2,0.0,0,23,4.45,0,0,0,6,1,78417,997215.821883535,12.7168320884952,79.1308007192318,20.8691992807682,58.7525664077942,41.2474335922058
2023-11-13,9.4,1.7,0.0,0,16,5.55,0,0,0,0,0,94443,1068459.32668383,11.3132717796325,87.9376978706733,12.0623021293267,58.7719576887647,41.2280423112353
2023-11-14,11.7,5.6,0.0,0,22,8.649999999999999,0,0,0,1,0,105218,1221775.250985,11.6118463664487,88.0571765287308,11.9428234712692,59.0212701248836,40.9787298751164
2023-11-15,11.7,3.9,0.0,0,13,7.8,0,0,0,2,0,110703,1272652.94456636,11.4961016825772,87.7293298284599,12.2706701715401,60.0859958628041,39.9140041371959
2023-11-16,18.3,7.8,0.0,0,15,13.05,0,0,0,3,0,122547,1493929.10488327,12.1906623979639,85.7597493206688,14.2402506793312,60.1083665858813,39.8916334141187
2023-11-17,19.4,11.1,0.0,0,20,15.25,0,0,0,4,0,127494,1629672.99218338,12.7823504806767,81.8148305018275,18.1851694981725,62.7362856291276,37.2637143708723
2023-11-18,17.2,5.0,0.0,0,27,11.1,0,0,0,5,1,96936,1277934.72128348,13.1832830040796,77.2251794998762,22.7748205001238,62.1172732524552,37.8827267475448
2023-11-19,12.8,4.4,0.0,0,21,8.600000000000001,0,0,0,6,1,87154,1174961.66393443,13.4814427786956,77.8484062693623,22.1515937306377,60.6271657066801,39.3728342933199
2023-11-20,7.8,2.8,0.0,0,22,5.3,0,0,0,0,0,88392,990263.272283543,11.2030870699107,87.3721603765047,12.6278396234953,60.0518146438592,39.9481853561408
2023-11-21,8.9,0.6,15.0,0,33,4.75,1,0,0,1,0,60281,643027.303767007,10.6671638454406,89.0214163666827,10.9785836333173,63.1791111627213,36.8208888372787
2023-11-22,12.2,8.9,49.0,0,21,10.55,1,0,0,2,0,81725,1007486.19221708,12.3277600760731,84.2226980728051,15.7773019271949,62.6454573263995,37.3545426736005
2023-11-23,11.1,6.7,0.0,0,31,8.9,0,0,0,3,0,44023,655335.660383265,14.8862108530375,73.311677986507,26.688322013493,63.5713149944347,36.4286850055653
2023-11-24,10.6,0.6,0.0,0,28,5.6,0,0,0,4,0,53012,665687.856999875,12.5573050818659,79.7460952237229,20.2539047762771,62.8197389270354,37.1802610729646
2023-11-25,4.4,-1.0,0.0,0,10,1.7000000000000002,0,0,1,5,1,52500,645688.589516777,12.2988302765101,79.7561904761905,20.2438095238095,62.9409523809524,37.0590476190476
2023-11-26,13.3,1.7,7.1,0,20,7.5,1,0,0,6,1,45049,517092.525299142,11.4784462540597,82.3569890563608,17.6430109436391,61.5973717507603,38.4026282492397
2023-11-27,13.3,2.2,2.0,0,30,7.75,1,0,0,0,0,86024,973692.138816825,11.3188428673025,88.9402957314238,11.0597042685762,59.6310332000372,40.3689667999628
2023-11-28,5.0,0.0,0.0,0,43,2.5,0,0,0,1,0,80061,831721.143100398,10.3885929866028,90.6808558474163,9.31914415258366,61.0084810332122,38.9915189667878
2023-11-29,3.3,-2.7,0.0,0,21,0.2999999999999998,0,0,1,2,0,79888,841535.139366918,10.5339367535415,90.4966953735229,9.50330462647707,61.7264169837773,38.2735830162227
2023-11-30,10.6,1.1,0.0,0,26,5.85,0,0,0,3,0,96660,1088818.10975034,11.2644124741395,88.3354024415477,11.6645975584523,61.3056072832609,38.6943927167391
2023-12-01,10.6,6.1,10.4,0,16,8.35,1,0,0,4,0,65491,702190.509933061,10.7219390440377,87.5479073460476,12.4520926539525,63.9400833702341,36.0599166297659
2023-12-02,15.6,8.3,0.0,0,10,11.95,0,0,0,5,1,100845,1365083.43851681,13.5364513710824,77.8412415092469,22.1587584907531,60.8022212306014,39.1977787693986
2023-12-03,11.7,8.9,14.0,0,32,10.3,1,0,0,6,1,34651,366875.576867021,10.5877341741081,84.4737525612536,15.5262474387464,65.5074889613575,34.4925110386425
2023-12-04,12.2,5.6,0.0,0,27,8.899999999999999,0,0,0,0,0,94755,1060646.69393299,11.1935696684395,88.3193499023798,11.6806500976202,59.280249063374,40.719750936626
2023-12-05,6.1,3.3,0.0,0,18,4.699999999999999,0,0,0,1,0,94628,1026638.98903425,10.8492094204067,89.4354736441645,10.5645263558355,60.0298009045948,39.9701990954052
2023-12-06,6.1,0.6,0.0,0,27,3.35,0,0,0,2,0,89679,946501.888766794,10.5543314350829,89.6252188360709,10.3747811639291,60.6451900667938,39.3548099332062
2023-12-07,3.9,0.0,0.0,0,27,1.95,0,0,0,3,0,85232,902308.026382847,10.5864936453778,89.2857142857143,10.7142857142857,60.7494837619673,39.2505162380327
2023-12-08,10.6,3.3,0.0,0,13,6.949999999999999,0,0,0,4,0,97555,1103468.04738345,11.3112402991485,85.4646097073446,14.5353902926554,61.7825841832812,38.2174158167188
2023-12-09,15.0,6.7,0.0,0,9,10.85,0,0,0,5,1,100895,1373024.94725137,13.6084538109062,77.5043361910897,22.4956638089103,60.1635363496705,39.8364636503295
2023-12-10,16.1,10.0,28.4,0,18,13.05,1,0,0,6,1,43205,481566.754999796,11.1460885314154,82.2265941441963,17.7734058558037,60.6341858581183,39.3658141418817
2023-12-11,10.0,3.3,14.0,0,36,6.65,1,0,0,0,0,68036,695726.245999738,10.2258546357773,89.4497030983597,10.5502969016403,60.3386442471633,39.6613557528367
2023-12-12,6.7,2.2,0.0,0,25,4.45,0,0,0,1,0,90080,1008166.24293328,11.1918987892239,89.5259769094139,10.4740230905861,59.658081705151,40.341918294849
2023-12-13,8.3,2.2,0.0,0,30,5.25,0,0,0,2,0,93549,1035011.61199992,11.0638447444647,89.0966231600552,10.9033768399448,58.9669584923409,41.0330415076591
2023-12-14,5.0,0.6,0.0,0,28,2.8,0,0,0,3,0,89834,953461.750633967,10.6135956390005,88.9551840060556,11.0448159939444,59.3383351515017,40.6616648484983
2023-12-15,14.4,2.8,0.0,0,24,8.6,0,0,0,4,0,102062,1184538.74395054,11.6060702705272,84.8768395681057,15.1231604318943,60.0321373282906,39.9678626717094
2023-12-16,12.2,7.8,0.0,0,26,10.0,0,0,0,5,1,94145,1230703.08878246,13.0724211459181,79.0068511338892,20.9931488661108,57.4560518349355,42.5439481650645
2023-12-17,15.0,8.3,6.6,0,30,11.65,1,0,0,6,1,54847,633794.566500089,11.5556833828666,82.0682990865499,17.9317009134501,59.2849198679964,40.7150801320036
2023-12-18,16.7,5.6,56.1,0,40,11.15,1,0,0,0,0,57211,597913.990032629,10.4510319699469,88.5196902693538,11.4803097306462,62.645295485134,37.354704514866
2023-12-19,6.7,0.0,0.0,0,34,3.35,0,0,0,1,0,80704,868125.118066328,10.7569032274278,88.932394924663,11.067605075337,61.9188639968279,38.0811360031721
2023-12-20,7.8,-1.0,0.0,0,27,3.4,0,0,1,2,0,80095,853832.480399432,10.6602469617258,88.4986578438105,11.5013421561895,62.9465010300268,37.0534989699732
2023-12-21,5.6,-1.0,0.0,0,29,2.3,0,0,1,3,0,74486,799554.447649356,10.7342916474149,87.9655237225787,12.0344762774213,64.3234970329995,35.6765029670005
2023-12-22,2.8,-3.8,0.0,0,16,-0.5,0,0,1,4,0,63191,675657.853650774,10.6923114628788,86.3888844930449,13.6111155069551,65.7925970470478,34.2074029529522
2023-12-23,6.7,1.1,0.0,0,16,3.9,0,0,0,5,1,49115,571280.79598358,11.631493352002,82.8076962231497,17.1923037768502,65.5420950829685,34.4579049170315
2023-12-24,9.4,4.4,0.5,0,7,6.9,1,0,0,6,1,39058,484363.214317132,12.4011268963372,80.6646525679758,19.3353474320242,64.6423267960469,35.3576732039531
2023-12-25,9.4,6.1,0.0,0,14,7.75,0,0,0,0,0,29567,471944.410899586,15.9618632563191,71.5121588257179,28.4878411742821,64.5652247438022,35.4347752561978
2023-12-26,10.6,6.7,0.0,0,7,8.65,0,0,0,1,0,50418,639707.401883648,12.6880757246151,81.5700741798564,18.4299258201436,63.8978142726804,36.1021857273196
2023-12-27,10.0,7.2,8.1,0,23,8.6,1,0,0,2,0,42025,475598.177582667,11.3170298056552,85.180249851279,14.819750148721,66.034503271862,33.965496728138
2023-12-28,12.8,9.4,31.0,0,31,11.1,1,0,0,3,0,46324,562798.933565856,12.1491868915866,84.0860029358432,15.9139970641568,65.786633278646,34.2133667213539
2023-12-29,12.8,7.8,1.3,0,15,10.3,1,0,0,4,0,68449,926314.482782876,13.5329147654879,78.3006325877661,21.6993674122339,64.7460152814504,35.2539847185496
2023-12-30,7.8,3.9,0.0,0,29,5.85,0,0,0,5,1,55573,703762.175483279,12.6637427434776,78.2142407284113,21.7857592715887,65.4652439134112,34.5347560865888
2023-12-31,6.1,3.9,0.0,0,24,5.0,0,0,0,6,1,53222,680896.523149677,12.7935162742791,77.3289241291195,22.6710758708805,66.1850362631994,33.8149637368006
